Dataset,Run_Name,Data_Type,Clock_Protein,Clock_Gene_Symbol,Target_Protein,Target_Gene_Symbol,P_Value,Q_Value,Significant_Nominal,Significant_FDR,Effect_Size_F2,Effect_Interpretation,R2_Change
test_proteomics.csv,Proteomics Fix Test,proteomics,Clock,Clock,Myc,Myc,0.215125,0.342014,FALSE,FALSE,2.2439,large,0.0225
test_proteomics.csv,Proteomics Fix Test,proteomics,Per1,Per1,Myc,Myc,0.235429,0.342441,FALSE,FALSE,2.2439,large,0.0225
test_proteomics.csv,Proteomics Fix Test,proteomics,Cry1,Cry1,Myc,Myc,0.161195,0.316608,FALSE,FALSE,2.2439,large,0.0225
test_proteomics.csv,Proteomics Fix Test,proteomics,Per1,Per1,Tead1,Tead1,1.000000,1.000000,FALSE,FALSE,,,
test_proteomics.csv,Proteomics Fix Test,proteomics,Cry1,Cry1,Tead1,Tead1,1.000000,1.000000,FALSE,FALSE,,,
test_proteomics.csv,Proteomics Fix Test,proteomics,Cry2,Cry2,Tead1,Tead1,1.000000,1.000000,FALSE,FALSE,,,
test_proteomics.csv,Proteomics Fix Test,proteomics,Nr1d2,Nr1d2,Myc,Myc,0.171799,0.316608,FALSE,FALSE,2.2439,large,0.0225
test_proteomics.csv,Proteomics Fix Test,proteomics,Per2,Per2,Ccnd1,Ccnd1,1.000000,1.000000,FALSE,FALSE,0.0295,small,0.0002
test_proteomics.csv,Proteomics Fix Test,proteomics,Arntl,Arntl,Ccnd1,Ccnd1,1.000000,1.000000,FALSE,FALSE,0.0295,small,0.0002
test_proteomics.csv,Proteomics Fix Test,proteomics,Clock,Clock,Ccnd1,Ccnd1,1.000000,1.000000,FALSE,FALSE,0.0295,small,0.0002
test_proteomics.csv,Proteomics Fix Test,proteomics,Per1,Per1,Ccnd1,Ccnd1,1.000000,1.000000,FALSE,FALSE,0.0295,small,0.0002
test_proteomics.csv,Proteomics Fix Test,proteomics,Nr1d1,Nr1d1,Tead1,Tead1,1.000000,1.000000,FALSE,FALSE,,,
test_proteomics.csv,Proteomics Fix Test,proteomics,Nr1d2,Nr1d2,Tead1,Tead1,1.000000,1.000000,FALSE,FALSE,,,
test_proteomics.csv,Proteomics Fix Test,proteomics,Arntl,Arntl,Lgr5,Lgr5,0.000925,0.002466,TRUE,TRUE,5.8240,large,0.0212
test_proteomics.csv,Proteomics Fix Test,proteomics,Cry1,Cry1,Ccnd1,Ccnd1,1.000000,1.000000,FALSE,FALSE,0.0295,small,0.0002
test_proteomics.csv,Proteomics Fix Test,proteomics,Cry2,Cry2,Ccnd1,Ccnd1,1.000000,1.000000,FALSE,FALSE,0.0295,small,0.0002
test_proteomics.csv,Proteomics Fix Test,proteomics,Nr1d1,Nr1d1,Ccnd1,Ccnd1,1.000000,1.000000,FALSE,FALSE,0.0295,small,0.0002
test_proteomics.csv,Proteomics Fix Test,proteomics,Nr1d2,Nr1d2,Ccnd1,Ccnd1,1.000000,1.000000,FALSE,FALSE,0.0295,small,0.0002
test_proteomics.csv,Proteomics Fix Test,proteomics,Per1,Per1,Lgr5,Lgr5,0.000188,0.000859,TRUE,TRUE,5.8240,large,0.0212
test_proteomics.csv,Proteomics Fix Test,proteomics,Cry1,Cry1,Lgr5,Lgr5,0.000057,0.000408,TRUE,TRUE,5.8240,large,0.0212
test_proteomics.csv,Proteomics Fix Test,proteomics,Cry2,Cry2,Lgr5,Lgr5,0.000151,0.000785,TRUE,TRUE,5.8240,large,0.0212
test_proteomics.csv,Proteomics Fix Test,proteomics,Nr1d1,Nr1d1,Lgr5,Lgr5,0.000159,0.000785,TRUE,TRUE,5.8240,large,0.0212
test_proteomics.csv,Proteomics Fix Test,proteomics,Nr1d2,Nr1d2,Lgr5,Lgr5,0.000084,0.000537,TRUE,TRUE,5.8240,large,0.0212
test_proteomics.csv,Proteomics Fix Test,proteomics,Arntl,Arntl,Axin2,Axin2,0.000880,0.002466,TRUE,TRUE,5.3035,large,0.0108
test_proteomics.csv,Proteomics Fix Test,proteomics,Clock,Clock,Axin2,Axin2,0.000509,0.001714,TRUE,TRUE,5.3035,large,0.0108
test_proteomics.csv,Proteomics Fix Test,proteomics,Per1,Per1,Axin2,Axin2,0.000579,0.001852,TRUE,TRUE,5.3035,large,0.0108
test_proteomics.csv,Proteomics Fix Test,proteomics,Cry1,Cry1,Axin2,Axin2,0.000471,0.001673,TRUE,TRUE,5.3035,large,0.0108
test_proteomics.csv,Proteomics Fix Test,proteomics,Cry2,Cry2,Axin2,Axin2,0.000455,0.001673,TRUE,TRUE,5.3035,large,0.0108
test_proteomics.csv,Proteomics Fix Test,proteomics,Nr1d2,Nr1d2,Axin2,Axin2,0.000456,0.001673,TRUE,TRUE,5.3035,large,0.0108
test_proteomics.csv,Proteomics Fix Test,proteomics,Per2,Per2,Cdkn1a,Cdkn1a,1.000000,1.000000,FALSE,FALSE,,,
test_proteomics.csv,Proteomics Fix Test,proteomics,Arntl,Arntl,Cdkn1a,Cdkn1a,1.000000,1.000000,FALSE,FALSE,,,
test_proteomics.csv,Proteomics Fix Test,proteomics,Clock,Clock,Cdkn1a,Cdkn1a,1.000000,1.000000,FALSE,FALSE,,,
test_proteomics.csv,Proteomics Fix Test,proteomics,Per1,Per1,Cdkn1a,Cdkn1a,1.000000,1.000000,FALSE,FALSE,,,
test_proteomics.csv,Proteomics Fix Test,proteomics,Cry1,Cry1,Cdkn1a,Cdkn1a,1.000000,1.000000,FALSE,FALSE,,,
test_proteomics.csv,Proteomics Fix Test,proteomics,Cry2,Cry2,Cdkn1a,Cdkn1a,1.000000,1.000000,FALSE,FALSE,,,
test_proteomics.csv,Proteomics Fix Test,proteomics,Nr1d1,Nr1d1,Cdkn1a,Cdkn1a,1.000000,1.000000,FALSE,FALSE,,,
test_proteomics.csv,Proteomics Fix Test,proteomics,Nr1d2,Nr1d2,Cdkn1a,Cdkn1a,1.000000,1.000000,FALSE,FALSE,,,
test_proteomics.csv,Proteomics Fix Test,proteomics,Per2,Per2,Ccnb1,Ccnb1,1.000000,1.000000,FALSE,FALSE,,,
test_proteomics.csv,Proteomics Fix Test,proteomics,Arntl,Arntl,Ccnb1,Ccnb1,1.000000,1.000000,FALSE,FALSE,,,
test_proteomics.csv,Proteomics Fix Test,proteomics,Clock,Clock,Ccnb1,Ccnb1,1.000000,1.000000,FALSE,FALSE,,,
test_proteomics.csv,Proteomics Fix Test,proteomics,Per1,Per1,Ccnb1,Ccnb1,1.000000,1.000000,FALSE,FALSE,,,
test_proteomics.csv,Proteomics Fix Test,proteomics,Cry1,Cry1,Ccnb1,Ccnb1,1.000000,1.000000,FALSE,FALSE,,,
test_proteomics.csv,Proteomics Fix Test,proteomics,Cry2,Cry2,Ccnb1,Ccnb1,1.000000,1.000000,FALSE,FALSE,,,
test_proteomics.csv,Proteomics Fix Test,proteomics,Nr1d1,Nr1d1,Ccnb1,Ccnb1,1.000000,1.000000,FALSE,FALSE,,,
test_proteomics.csv,Proteomics Fix Test,proteomics,Nr1d2,Nr1d2,Ccnb1,Ccnb1,1.000000,1.000000,FALSE,FALSE,,,
test_proteomics.csv,Proteomics Fix Test,proteomics,Arntl,Arntl,Cdk1,Cdk1,1.000000,1.000000,FALSE,FALSE,0.0910,small,0.0007
test_proteomics.csv,Proteomics Fix Test,proteomics,Per1,Per1,Cdk1,Cdk1,1.000000,1.000000,FALSE,FALSE,0.0910,small,0.0007
test_proteomics.csv,Proteomics Fix Test,proteomics,Cry1,Cry1,Cdk1,Cdk1,1.000000,1.000000,FALSE,FALSE,0.0910,small,0.0007
test_proteomics.csv,Proteomics Fix Test,proteomics,Cry2,Cry2,Cdk1,Cdk1,1.000000,1.000000,FALSE,FALSE,0.0910,small,0.0007
test_proteomics.csv,Proteomics Fix Test,proteomics,Nr1d1,Nr1d1,Cdk1,Cdk1,1.000000,1.000000,FALSE,FALSE,0.0910,small,0.0007
test_proteomics.csv,Proteomics Fix Test,proteomics,Nr1d2,Nr1d2,Cdk1,Cdk1,1.000000,1.000000,FALSE,FALSE,0.0910,small,0.0007
test_proteomics.csv,Proteomics Fix Test,proteomics,Arntl,Arntl,Wee1,Wee1,0.290894,0.396111,FALSE,FALSE,0.6005,large,0.0130
test_proteomics.csv,Proteomics Fix Test,proteomics,Clock,Clock,Wee1,Wee1,0.219990,0.342014,FALSE,FALSE,0.6005,large,0.0130
test_proteomics.csv,Proteomics Fix Test,proteomics,Per1,Per1,Wee1,Wee1,0.224447,0.342014,FALSE,FALSE,0.6005,large,0.0130
test_proteomics.csv,Proteomics Fix Test,proteomics,Cry1,Cry1,Wee1,Wee1,0.207479,0.342014,FALSE,FALSE,0.6005,large,0.0130
test_proteomics.csv,Proteomics Fix Test,proteomics,Cry2,Cry2,Wee1,Wee1,0.212648,0.342014,FALSE,FALSE,0.6005,large,0.0130
test_proteomics.csv,Proteomics Fix Test,proteomics,Nr1d2,Nr1d2,Wee1,Wee1,0.209993,0.342014,FALSE,FALSE,0.6005,large,0.0130
test_proteomics.csv,Proteomics Fix Test,proteomics,Per2,Per2,Tp53,Tp53,1.000000,1.000000,FALSE,FALSE,0.6412,large,0.0084
test_proteomics.csv,Proteomics Fix Test,proteomics,Arntl,Arntl,Tp53,Tp53,1.000000,1.000000,FALSE,FALSE,0.6412,large,0.0084
test_proteomics.csv,Proteomics Fix Test,proteomics,Clock,Clock,Tp53,Tp53,1.000000,1.000000,FALSE,FALSE,0.6412,large,0.0084
test_proteomics.csv,Proteomics Fix Test,proteomics,Per1,Per1,Tp53,Tp53,1.000000,1.000000,FALSE,FALSE,0.6412,large,0.0084
test_proteomics.csv,Proteomics Fix Test,proteomics,Cry2,Cry2,Tp53,Tp53,1.000000,1.000000,FALSE,FALSE,0.6412,large,0.0084
test_proteomics.csv,Proteomics Fix Test,proteomics,Nr1d1,Nr1d1,Tp53,Tp53,1.000000,1.000000,FALSE,FALSE,0.6412,large,0.0084
test_proteomics.csv,Proteomics Fix Test,proteomics,Nr1d2,Nr1d2,Tp53,Tp53,1.000000,1.000000,FALSE,FALSE,0.6412,large,0.0084
test_proteomics.csv,Proteomics Fix Test,proteomics,Per2,Per2,Mdm2,Mdm2,1.000000,1.000000,FALSE,FALSE,,,
test_proteomics.csv,Proteomics Fix Test,proteomics,Arntl,Arntl,Mdm2,Mdm2,1.000000,1.000000,FALSE,FALSE,,,
test_proteomics.csv,Proteomics Fix Test,proteomics,Clock,Clock,Mdm2,Mdm2,1.000000,1.000000,FALSE,FALSE,,,
test_proteomics.csv,Proteomics Fix Test,proteomics,Per1,Per1,Mdm2,Mdm2,1.000000,1.000000,FALSE,FALSE,,,
test_proteomics.csv,Proteomics Fix Test,proteomics,Cry1,Cry1,Mdm2,Mdm2,1.000000,1.000000,FALSE,FALSE,,,
test_proteomics.csv,Proteomics Fix Test,proteomics,Cry2,Cry2,Mdm2,Mdm2,1.000000,1.000000,FALSE,FALSE,,,
test_proteomics.csv,Proteomics Fix Test,proteomics,Nr1d1,Nr1d1,Mdm2,Mdm2,1.000000,1.000000,FALSE,FALSE,,,
test_proteomics.csv,Proteomics Fix Test,proteomics,Nr1d2,Nr1d2,Mdm2,Mdm2,1.000000,1.000000,FALSE,FALSE,,,
test_proteomics.csv,Proteomics Fix Test,proteomics,Per2,Per2,Atm,Atm,1.000000,1.000000,FALSE,FALSE,0.7718,large,0.0116
test_proteomics.csv,Proteomics Fix Test,proteomics,Clock,Clock,Atm,Atm,1.000000,1.000000,FALSE,FALSE,0.7718,large,0.0116
test_proteomics.csv,Proteomics Fix Test,proteomics,Per1,Per1,Atm,Atm,1.000000,1.000000,FALSE,FALSE,0.7718,large,0.0116
test_proteomics.csv,Proteomics Fix Test,proteomics,Cry1,Cry1,Atm,Atm,1.000000,1.000000,FALSE,FALSE,0.7718,large,0.0116
test_proteomics.csv,Proteomics Fix Test,proteomics,Cry2,Cry2,Atm,Atm,1.000000,1.000000,FALSE,FALSE,0.7718,large,0.0116
test_proteomics.csv,Proteomics Fix Test,proteomics,Nr1d1,Nr1d1,Atm,Atm,1.000000,1.000000,FALSE,FALSE,0.7718,large,0.0116
test_proteomics.csv,Proteomics Fix Test,proteomics,Arntl,Arntl,Bcl2,Bcl2,0.167538,0.316608,FALSE,FALSE,2.2529,large,0.0062
test_proteomics.csv,Proteomics Fix Test,proteomics,Clock,Clock,Bcl2,Bcl2,0.104747,0.239421,FALSE,FALSE,2.2529,large,0.0062
test_proteomics.csv,Proteomics Fix Test,proteomics,Per1,Per1,Bcl2,Bcl2,0.117396,0.259080,FALSE,FALSE,2.2529,large,0.0062
test_proteomics.csv,Proteomics Fix Test,proteomics,Nr1d2,Nr1d2,Atm,Atm,1.000000,1.000000,FALSE,FALSE,0.7718,large,0.0116
test_proteomics.csv,Proteomics Fix Test,proteomics,Per2,Per2,Chek2,Chek2,1.000000,1.000000,FALSE,FALSE,,,
test_proteomics.csv,Proteomics Fix Test,proteomics,Arntl,Arntl,Chek2,Chek2,1.000000,1.000000,FALSE,FALSE,,,
test_proteomics.csv,Proteomics Fix Test,proteomics,Clock,Clock,Chek2,Chek2,1.000000,1.000000,FALSE,FALSE,,,
test_proteomics.csv,Proteomics Fix Test,proteomics,Per1,Per1,Chek2,Chek2,1.000000,1.000000,FALSE,FALSE,,,
test_proteomics.csv,Proteomics Fix Test,proteomics,Cry1,Cry1,Chek2,Chek2,1.000000,1.000000,FALSE,FALSE,,,
test_proteomics.csv,Proteomics Fix Test,proteomics,Cry2,Cry2,Chek2,Chek2,1.000000,1.000000,FALSE,FALSE,,,
test_proteomics.csv,Proteomics Fix Test,proteomics,Nr1d1,Nr1d1,Chek2,Chek2,1.000000,1.000000,FALSE,FALSE,,,
test_proteomics.csv,Proteomics Fix Test,proteomics,Nr1d2,Nr1d2,Chek2,Chek2,1.000000,1.000000,FALSE,FALSE,,,
test_proteomics.csv,Proteomics Fix Test,proteomics,Cry2,Cry2,Bcl2,Bcl2,0.085175,0.201896,FALSE,FALSE,2.2529,large,0.0062
test_proteomics.csv,Proteomics Fix Test,proteomics,Nr1d1,Nr1d1,Bcl2,Bcl2,0.136157,0.283826,FALSE,FALSE,2.2529,large,0.0062
test_proteomics.csv,Proteomics Fix Test,proteomics,Nr1d2,Nr1d2,Bcl2,Bcl2,0.078481,0.193185,FALSE,FALSE,2.2529,large,0.0062
test_proteomics.csv,Proteomics Fix Test,proteomics,Per2,Per2,Hif1a,Hif1a,0.000003,0.000026,TRUE,TRUE,18.4415,large,0.0081
test_proteomics.csv,Proteomics Fix Test,proteomics,Per2,Per2,Bax,Bax,1.000000,1.000000,FALSE,FALSE,,,
test_proteomics.csv,Proteomics Fix Test,proteomics,Arntl,Arntl,Bax,Bax,1.000000,1.000000,FALSE,FALSE,,,
test_proteomics.csv,Proteomics Fix Test,proteomics,Clock,Clock,Bax,Bax,1.000000,1.000000,FALSE,FALSE,,,
test_proteomics.csv,Proteomics Fix Test,proteomics,Per1,Per1,Bax,Bax,1.000000,1.000000,FALSE,FALSE,,,
test_proteomics.csv,Proteomics Fix Test,proteomics,Cry1,Cry1,Bax,Bax,1.000000,1.000000,FALSE,FALSE,,,
test_proteomics.csv,Proteomics Fix Test,proteomics,Cry2,Cry2,Bax,Bax,1.000000,1.000000,FALSE,FALSE,,,
test_proteomics.csv,Proteomics Fix Test,proteomics,Nr1d1,Nr1d1,Bax,Bax,1.000000,1.000000,FALSE,FALSE,,,
test_proteomics.csv,Proteomics Fix Test,proteomics,Nr1d2,Nr1d2,Bax,Bax,1.000000,1.000000,FALSE,FALSE,,,
test_proteomics.csv,Proteomics Fix Test,proteomics,Clock,Clock,Hif1a,Hif1a,0.000001,0.000023,TRUE,TRUE,18.4415,large,0.0081
test_proteomics.csv,Proteomics Fix Test,proteomics,Per1,Per1,Hif1a,Hif1a,0.000001,0.000023,TRUE,TRUE,18.4415,large,0.0081
test_proteomics.csv,Proteomics Fix Test,proteomics,Cry1,Cry1,Hif1a,Hif1a,0.000003,0.000026,TRUE,TRUE,18.4415,large,0.0081
test_proteomics.csv,Proteomics Fix Test,proteomics,Cry2,Cry2,Hif1a,Hif1a,0.000001,0.000023,TRUE,TRUE,18.4415,large,0.0081
test_proteomics.csv,Proteomics Fix Test,proteomics,Nr1d1,Nr1d1,Hif1a,Hif1a,0.000002,0.000023,TRUE,TRUE,18.4415,large,0.0081
test_proteomics.csv,Proteomics Fix Test,proteomics,Per2,Per2,Sirt1,Sirt1,0.581830,0.596936,FALSE,FALSE,1.1517,large,0.0038
test_proteomics.csv,Proteomics Fix Test,proteomics,Arntl,Arntl,Sirt1,Sirt1,0.706709,0.706709,FALSE,FALSE,1.1517,large,0.0038
test_proteomics.csv,Proteomics Fix Test,proteomics,Clock,Clock,Sirt1,Sirt1,0.531671,0.584288,FALSE,FALSE,1.1517,large,0.0038
test_proteomics.csv,Proteomics Fix Test,proteomics,Per1,Per1,Sirt1,Sirt1,0.538641,0.584288,FALSE,FALSE,1.1517,large,0.0038
test_proteomics.csv,Proteomics Fix Test,proteomics,Per2,Per2,Pparg,Pparg,1.000000,1.000000,FALSE,FALSE,,,
test_proteomics.csv,Proteomics Fix Test,proteomics,Arntl,Arntl,Pparg,Pparg,1.000000,1.000000,FALSE,FALSE,,,
test_proteomics.csv,Proteomics Fix Test,proteomics,Clock,Clock,Pparg,Pparg,1.000000,1.000000,FALSE,FALSE,,,
test_proteomics.csv,Proteomics Fix Test,proteomics,Per1,Per1,Pparg,Pparg,1.000000,1.000000,FALSE,FALSE,,,
test_proteomics.csv,Proteomics Fix Test,proteomics,Cry1,Cry1,Pparg,Pparg,1.000000,1.000000,FALSE,FALSE,,,
test_proteomics.csv,Proteomics Fix Test,proteomics,Cry2,Cry2,Pparg,Pparg,1.000000,1.000000,FALSE,FALSE,,,
test_proteomics.csv,Proteomics Fix Test,proteomics,Nr1d1,Nr1d1,Pparg,Pparg,1.000000,1.000000,FALSE,FALSE,,,
test_proteomics.csv,Proteomics Fix Test,proteomics,Nr1d2,Nr1d2,Pparg,Pparg,1.000000,1.000000,FALSE,FALSE,,,
test_proteomics.csv,Proteomics Fix Test,proteomics,Cry2,Cry2,Sirt1,Sirt1,0.524063,0.584288,FALSE,FALSE,1.1517,large,0.0038
test_proteomics.csv,Proteomics Fix Test,proteomics,Nr1d1,Nr1d1,Sirt1,Sirt1,0.550289,0.586975,FALSE,FALSE,1.1517,large,0.0038
test_proteomics.csv,Proteomics Fix Test,proteomics,Nr1d2,Nr1d2,Sirt1,Sirt1,0.523248,0.584288,FALSE,FALSE,1.1517,large,0.0038
test_proteomics.csv,Proteomics Fix Test,proteomics,Per2,Per2,Yap1,Yap1,0.569546,0.596936,FALSE,FALSE,1.1140,large,0.0022
test_proteomics.csv,Proteomics Fix Test,proteomics,Arntl,Arntl,Yap1,Yap1,0.314565,0.419420,FALSE,FALSE,1.1140,large,0.0022
test_proteomics.csv,Proteomics Fix Test,proteomics,Per1,Per1,Yap1,Yap1,0.537219,0.584288,FALSE,FALSE,1.1140,large,0.0022
test_proteomics.csv,Proteomics Fix Test,proteomics,Cry1,Cry1,Yap1,Yap1,0.418840,0.536115,FALSE,FALSE,1.1140,large,0.0022
test_proteomics.csv,Proteomics Fix Test,proteomics,Cry2,Cry2,Yap1,Yap1,0.451482,0.555671,FALSE,FALSE,1.1140,large,0.0022
test_proteomics.csv,Proteomics Fix Test,proteomics,Nr1d1,Nr1d1,Yap1,Yap1,0.587609,0.596936,FALSE,FALSE,1.1140,large,0.0022
test_proteomics.csv,Proteomics Fix Test,proteomics,Nr1d2,Nr1d2,Yap1,Yap1,0.434249,0.544939,FALSE,FALSE,1.1140,large,0.0022
test_proteomics.csv,Proteomics Fix Test,proteomics,Per2,Per2,Tead1,Tead1,1.000000,1.000000,FALSE,FALSE,,,
test_proteomics.csv,Proteomics Fix Test,proteomics,Arntl,Arntl,Tead1,Tead1,1.000000,1.000000,FALSE,FALSE,,,
test_proteomics.csv,Proteomics Fix Test,proteomics,Clock,Clock,Tead1,Tead1,1.000000,1.000000,FALSE,FALSE,,,
test_proteomics.csv,Proteomics Fix Test,proteomics,Per2,Per2,Myc,Myc,0.338614,0.442271,FALSE,FALSE,2.2439,large,0.0225
test_proteomics.csv,Proteomics Fix Test,proteomics,Arntl,Arntl,Myc,Myc,0.173145,0.316608,FALSE,FALSE,2.2439,large,0.0225
test_proteomics.csv,Proteomics Fix Test,proteomics,Cry2,Cry2,Myc,Myc,0.183064,0.325447,FALSE,FALSE,2.2439,large,0.0225
test_proteomics.csv,Proteomics Fix Test,proteomics,Nr1d1,Nr1d1,Myc,Myc,0.265201,0.368975,FALSE,FALSE,2.2439,large,0.0225
test_proteomics.csv,Proteomics Fix Test,proteomics,Per2,Per2,Lgr5,Lgr5,0.000114,0.000665,TRUE,TRUE,5.8240,large,0.0212
test_proteomics.csv,Proteomics Fix Test,proteomics,Clock,Clock,Lgr5,Lgr5,0.000213,0.000909,TRUE,TRUE,5.8240,large,0.0212
test_proteomics.csv,Proteomics Fix Test,proteomics,Per2,Per2,Axin2,Axin2,0.000908,0.002466,TRUE,TRUE,5.3035,large,0.0108
test_proteomics.csv,Proteomics Fix Test,proteomics,Nr1d1,Nr1d1,Axin2,Axin2,0.000732,0.002230,TRUE,TRUE,5.3035,large,0.0108
test_proteomics.csv,Proteomics Fix Test,proteomics,Per2,Per2,Wee1,Wee1,0.245133,0.348634,FALSE,FALSE,0.6005,large,0.0130
test_proteomics.csv,Proteomics Fix Test,proteomics,Nr1d1,Nr1d1,Wee1,Wee1,0.230724,0.342441,FALSE,FALSE,0.6005,large,0.0130
test_proteomics.csv,Proteomics Fix Test,proteomics,Per2,Per2,Bcl2,Bcl2,0.137478,0.283826,FALSE,FALSE,2.2529,large,0.0062
test_proteomics.csv,Proteomics Fix Test,proteomics,Cry1,Cry1,Bcl2,Bcl2,0.072317,0.185132,FALSE,FALSE,2.2529,large,0.0062
test_proteomics.csv,Proteomics Fix Test,proteomics,Arntl,Arntl,Hif1a,Hif1a,0.000010,0.000083,TRUE,TRUE,18.4415,large,0.0081
test_proteomics.csv,Proteomics Fix Test,proteomics,Nr1d2,Nr1d2,Hif1a,Hif1a,0.000002,0.000023,TRUE,TRUE,18.4415,large,0.0081
test_proteomics.csv,Proteomics Fix Test,proteomics,Cry1,Cry1,Sirt1,Sirt1,0.524093,0.584288,FALSE,FALSE,1.1517,large,0.0038
test_proteomics.csv,Proteomics Fix Test,proteomics,Clock,Clock,Yap1,Yap1,0.503293,0.584288,FALSE,FALSE,1.1140,large,0.0022
test_proteomics.csv,Proteomics Fix Test,proteomics,Per2,Per2,Cdk1,Cdk1,1.000000,1.000000,FALSE,FALSE,0.0910,small,0.0007
test_proteomics.csv,Proteomics Fix Test,proteomics,Clock,Clock,Cdk1,Cdk1,1.000000,1.000000,FALSE,FALSE,0.0910,small,0.0007
test_proteomics.csv,Proteomics Fix Test,proteomics,Cry1,Cry1,Tp53,Tp53,1.000000,1.000000,FALSE,FALSE,0.6412,large,0.0084
test_proteomics.csv,Proteomics Fix Test,proteomics,Arntl,Arntl,Atm,Atm,1.000000,1.000000,FALSE,FALSE,0.7718,large,0.0116
test_proteomics.csv,Demo Proteomics Analysis,proteomics,Per1,Per1,Mdm2,Mdm2,1.000000,1.000000,FALSE,FALSE,,,
test_proteomics.csv,Demo Proteomics Analysis,proteomics,Cry1,Cry1,Mdm2,Mdm2,1.000000,1.000000,FALSE,FALSE,,,
test_proteomics.csv,Demo Proteomics Analysis,proteomics,Cry2,Cry2,Mdm2,Mdm2,1.000000,1.000000,FALSE,FALSE,,,
test_proteomics.csv,Demo Proteomics Analysis,proteomics,Nr1d1,Nr1d1,Mdm2,Mdm2,1.000000,1.000000,FALSE,FALSE,,,
test_proteomics.csv,Demo Proteomics Analysis,proteomics,Nr1d2,Nr1d2,Mdm2,Mdm2,1.000000,1.000000,FALSE,FALSE,,,
test_proteomics.csv,Demo Proteomics Analysis,proteomics,Arntl,Arntl,Myc,Myc,0.173145,0.316608,FALSE,FALSE,2.2439,large,0.0225
test_proteomics.csv,Demo Proteomics Analysis,proteomics,Clock,Clock,Myc,Myc,0.215125,0.342014,FALSE,FALSE,2.2439,large,0.0225
test_proteomics.csv,Demo Proteomics Analysis,proteomics,Per1,Per1,Myc,Myc,0.235429,0.342441,FALSE,FALSE,2.2439,large,0.0225
test_proteomics.csv,Demo Proteomics Analysis,proteomics,Cry2,Cry2,Myc,Myc,0.183064,0.325447,FALSE,FALSE,2.2439,large,0.0225
test_proteomics.csv,Demo Proteomics Analysis,proteomics,Nr1d1,Nr1d1,Myc,Myc,0.265201,0.368975,FALSE,FALSE,2.2439,large,0.0225
test_proteomics.csv,Demo Proteomics Analysis,proteomics,Nr1d2,Nr1d2,Myc,Myc,0.171799,0.316608,FALSE,FALSE,2.2439,large,0.0225
test_proteomics.csv,Demo Proteomics Analysis,proteomics,Per2,Per2,Ccnd1,Ccnd1,1.000000,1.000000,FALSE,FALSE,0.0295,small,0.0002
test_proteomics.csv,Demo Proteomics Analysis,proteomics,Arntl,Arntl,Ccnd1,Ccnd1,1.000000,1.000000,FALSE,FALSE,0.0295,small,0.0002
test_proteomics.csv,Demo Proteomics Analysis,proteomics,Per1,Per1,Ccnd1,Ccnd1,1.000000,1.000000,FALSE,FALSE,0.0295,small,0.0002
test_proteomics.csv,Demo Proteomics Analysis,proteomics,Cry1,Cry1,Ccnd1,Ccnd1,1.000000,1.000000,FALSE,FALSE,0.0295,small,0.0002
test_proteomics.csv,Demo Proteomics Analysis,proteomics,Cry2,Cry2,Ccnd1,Ccnd1,1.000000,1.000000,FALSE,FALSE,0.0295,small,0.0002
test_proteomics.csv,Demo Proteomics Analysis,proteomics,Nr1d1,Nr1d1,Ccnd1,Ccnd1,1.000000,1.000000,FALSE,FALSE,0.0295,small,0.0002
test_proteomics.csv,Demo Proteomics Analysis,proteomics,Nr1d2,Nr1d2,Ccnd1,Ccnd1,1.000000,1.000000,FALSE,FALSE,0.0295,small,0.0002
test_proteomics.csv,Demo Proteomics Analysis,proteomics,Arntl,Arntl,Lgr5,Lgr5,0.000925,0.002466,TRUE,TRUE,5.8240,large,0.0212
test_proteomics.csv,Demo Proteomics Analysis,proteomics,Clock,Clock,Lgr5,Lgr5,0.000213,0.000909,TRUE,TRUE,5.8240,large,0.0212
test_proteomics.csv,Demo Proteomics Analysis,proteomics,Per1,Per1,Lgr5,Lgr5,0.000188,0.000859,TRUE,TRUE,5.8240,large,0.0212
test_proteomics.csv,Demo Proteomics Analysis,proteomics,Cry1,Cry1,Lgr5,Lgr5,0.000057,0.000408,TRUE,TRUE,5.8240,large,0.0212
test_proteomics.csv,Demo Proteomics Analysis,proteomics,Cry2,Cry2,Lgr5,Lgr5,0.000151,0.000785,TRUE,TRUE,5.8240,large,0.0212
test_proteomics.csv,Demo Proteomics Analysis,proteomics,Nr1d2,Nr1d2,Lgr5,Lgr5,0.000084,0.000537,TRUE,TRUE,5.8240,large,0.0212
test_proteomics.csv,Demo Proteomics Analysis,proteomics,Per2,Per2,Axin2,Axin2,0.000908,0.002466,TRUE,TRUE,5.3035,large,0.0108
test_proteomics.csv,Demo Proteomics Analysis,proteomics,Arntl,Arntl,Axin2,Axin2,0.000880,0.002466,TRUE,TRUE,5.3035,large,0.0108
test_proteomics.csv,Demo Proteomics Analysis,proteomics,Clock,Clock,Axin2,Axin2,0.000509,0.001714,TRUE,TRUE,5.3035,large,0.0108
test_proteomics.csv,Demo Proteomics Analysis,proteomics,Per1,Per1,Axin2,Axin2,0.000579,0.001852,TRUE,TRUE,5.3035,large,0.0108
test_proteomics.csv,Demo Proteomics Analysis,proteomics,Cry2,Cry2,Axin2,Axin2,0.000455,0.001673,TRUE,TRUE,5.3035,large,0.0108
test_proteomics.csv,Demo Proteomics Analysis,proteomics,Nr1d1,Nr1d1,Axin2,Axin2,0.000732,0.002230,TRUE,TRUE,5.3035,large,0.0108
test_proteomics.csv,Demo Proteomics Analysis,proteomics,Nr1d2,Nr1d2,Axin2,Axin2,0.000456,0.001673,TRUE,TRUE,5.3035,large,0.0108
test_proteomics.csv,Demo Proteomics Analysis,proteomics,Per2,Per2,Cdkn1a,Cdkn1a,1.000000,1.000000,FALSE,FALSE,,,
test_proteomics.csv,Demo Proteomics Analysis,proteomics,Arntl,Arntl,Cdkn1a,Cdkn1a,1.000000,1.000000,FALSE,FALSE,,,
test_proteomics.csv,Demo Proteomics Analysis,proteomics,Clock,Clock,Cdkn1a,Cdkn1a,1.000000,1.000000,FALSE,FALSE,,,
test_proteomics.csv,Demo Proteomics Analysis,proteomics,Per1,Per1,Cdkn1a,Cdkn1a,1.000000,1.000000,FALSE,FALSE,,,
test_proteomics.csv,Demo Proteomics Analysis,proteomics,Cry1,Cry1,Cdkn1a,Cdkn1a,1.000000,1.000000,FALSE,FALSE,,,
test_proteomics.csv,Demo Proteomics Analysis,proteomics,Cry2,Cry2,Cdkn1a,Cdkn1a,1.000000,1.000000,FALSE,FALSE,,,
test_proteomics.csv,Demo Proteomics Analysis,proteomics,Nr1d1,Nr1d1,Cdkn1a,Cdkn1a,1.000000,1.000000,FALSE,FALSE,,,
test_proteomics.csv,Demo Proteomics Analysis,proteomics,Nr1d2,Nr1d2,Cdkn1a,Cdkn1a,1.000000,1.000000,FALSE,FALSE,,,
test_proteomics.csv,Demo Proteomics Analysis,proteomics,Per2,Per2,Ccnb1,Ccnb1,1.000000,1.000000,FALSE,FALSE,,,
test_proteomics.csv,Demo Proteomics Analysis,proteomics,Arntl,Arntl,Ccnb1,Ccnb1,1.000000,1.000000,FALSE,FALSE,,,
test_proteomics.csv,Demo Proteomics Analysis,proteomics,Clock,Clock,Ccnb1,Ccnb1,1.000000,1.000000,FALSE,FALSE,,,
test_proteomics.csv,Demo Proteomics Analysis,proteomics,Per1,Per1,Ccnb1,Ccnb1,1.000000,1.000000,FALSE,FALSE,,,
test_proteomics.csv,Demo Proteomics Analysis,proteomics,Cry1,Cry1,Ccnb1,Ccnb1,1.000000,1.000000,FALSE,FALSE,,,
test_proteomics.csv,Demo Proteomics Analysis,proteomics,Cry2,Cry2,Ccnb1,Ccnb1,1.000000,1.000000,FALSE,FALSE,,,
test_proteomics.csv,Demo Proteomics Analysis,proteomics,Nr1d1,Nr1d1,Ccnb1,Ccnb1,1.000000,1.000000,FALSE,FALSE,,,
test_proteomics.csv,Demo Proteomics Analysis,proteomics,Nr1d2,Nr1d2,Ccnb1,Ccnb1,1.000000,1.000000,FALSE,FALSE,,,
test_proteomics.csv,Demo Proteomics Analysis,proteomics,Arntl,Arntl,Cdk1,Cdk1,1.000000,1.000000,FALSE,FALSE,0.0910,small,0.0007
test_proteomics.csv,Demo Proteomics Analysis,proteomics,Clock,Clock,Cdk1,Cdk1,1.000000,1.000000,FALSE,FALSE,0.0910,small,0.0007
test_proteomics.csv,Demo Proteomics Analysis,proteomics,Per1,Per1,Cdk1,Cdk1,1.000000,1.000000,FALSE,FALSE,0.0910,small,0.0007
test_proteomics.csv,Demo Proteomics Analysis,proteomics,Cry1,Cry1,Cdk1,Cdk1,1.000000,1.000000,FALSE,FALSE,0.0910,small,0.0007
test_proteomics.csv,Demo Proteomics Analysis,proteomics,Cry2,Cry2,Cdk1,Cdk1,1.000000,1.000000,FALSE,FALSE,0.0910,small,0.0007
test_proteomics.csv,Demo Proteomics Analysis,proteomics,Arntl,Arntl,Wee1,Wee1,0.290894,0.396111,FALSE,FALSE,0.6005,large,0.0130
test_proteomics.csv,Demo Proteomics Analysis,proteomics,Clock,Clock,Wee1,Wee1,0.219990,0.342014,FALSE,FALSE,0.6005,large,0.0130
test_proteomics.csv,Demo Proteomics Analysis,proteomics,Per1,Per1,Wee1,Wee1,0.224447,0.342014,FALSE,FALSE,0.6005,large,0.0130
test_proteomics.csv,Demo Proteomics Analysis,proteomics,Nr1d1,Nr1d1,Cdk1,Cdk1,1.000000,1.000000,FALSE,FALSE,0.0910,small,0.0007
test_proteomics.csv,Demo Proteomics Analysis,proteomics,Nr1d2,Nr1d2,Cdk1,Cdk1,1.000000,1.000000,FALSE,FALSE,0.0910,small,0.0007
test_proteomics.csv,Demo Proteomics Analysis,proteomics,Cry2,Cry2,Wee1,Wee1,0.212648,0.342014,FALSE,FALSE,0.6005,large,0.0130
test_proteomics.csv,Demo Proteomics Analysis,proteomics,Nr1d1,Nr1d1,Wee1,Wee1,0.230724,0.342441,FALSE,FALSE,0.6005,large,0.0130
test_proteomics.csv,Demo Proteomics Analysis,proteomics,Nr1d2,Nr1d2,Wee1,Wee1,0.209993,0.342014,FALSE,FALSE,0.6005,large,0.0130
test_proteomics.csv,Demo Proteomics Analysis,proteomics,Per2,Per2,Tp53,Tp53,1.000000,1.000000,FALSE,FALSE,0.6412,large,0.0084
test_proteomics.csv,Demo Proteomics Analysis,proteomics,Arntl,Arntl,Tp53,Tp53,1.000000,1.000000,FALSE,FALSE,0.6412,large,0.0084
test_proteomics.csv,Demo Proteomics Analysis,proteomics,Per1,Per1,Tp53,Tp53,1.000000,1.000000,FALSE,FALSE,0.6412,large,0.0084
test_proteomics.csv,Demo Proteomics Analysis,proteomics,Cry1,Cry1,Tp53,Tp53,1.000000,1.000000,FALSE,FALSE,0.6412,large,0.0084
test_proteomics.csv,Demo Proteomics Analysis,proteomics,Cry2,Cry2,Tp53,Tp53,1.000000,1.000000,FALSE,FALSE,0.6412,large,0.0084
test_proteomics.csv,Demo Proteomics Analysis,proteomics,Nr1d1,Nr1d1,Tp53,Tp53,1.000000,1.000000,FALSE,FALSE,0.6412,large,0.0084
test_proteomics.csv,Demo Proteomics Analysis,proteomics,Nr1d2,Nr1d2,Tp53,Tp53,1.000000,1.000000,FALSE,FALSE,0.6412,large,0.0084
test_proteomics.csv,Demo Proteomics Analysis,proteomics,Per2,Per2,Mdm2,Mdm2,1.000000,1.000000,FALSE,FALSE,,,
test_proteomics.csv,Demo Proteomics Analysis,proteomics,Arntl,Arntl,Mdm2,Mdm2,1.000000,1.000000,FALSE,FALSE,,,
test_proteomics.csv,Demo Proteomics Analysis,proteomics,Clock,Clock,Mdm2,Mdm2,1.000000,1.000000,FALSE,FALSE,,,
test_proteomics.csv,Demo Proteomics Analysis,proteomics,Arntl,Arntl,Atm,Atm,1.000000,1.000000,FALSE,FALSE,0.7718,large,0.0116
test_proteomics.csv,Demo Proteomics Analysis,proteomics,Clock,Clock,Atm,Atm,1.000000,1.000000,FALSE,FALSE,0.7718,large,0.0116
test_proteomics.csv,Demo Proteomics Analysis,proteomics,Per1,Per1,Atm,Atm,1.000000,1.000000,FALSE,FALSE,0.7718,large,0.0116
test_proteomics.csv,Demo Proteomics Analysis,proteomics,Cry1,Cry1,Atm,Atm,1.000000,1.000000,FALSE,FALSE,0.7718,large,0.0116
test_proteomics.csv,Demo Proteomics Analysis,proteomics,Cry2,Cry2,Atm,Atm,1.000000,1.000000,FALSE,FALSE,0.7718,large,0.0116
test_proteomics.csv,Demo Proteomics Analysis,proteomics,Arntl,Arntl,Bcl2,Bcl2,0.167538,0.316608,FALSE,FALSE,2.2529,large,0.0062
test_proteomics.csv,Demo Proteomics Analysis,proteomics,Clock,Clock,Bcl2,Bcl2,0.104747,0.239421,FALSE,FALSE,2.2529,large,0.0062
test_proteomics.csv,Demo Proteomics Analysis,proteomics,Nr1d1,Nr1d1,Atm,Atm,1.000000,1.000000,FALSE,FALSE,0.7718,large,0.0116
test_proteomics.csv,Demo Proteomics Analysis,proteomics,Nr1d2,Nr1d2,Atm,Atm,1.000000,1.000000,FALSE,FALSE,0.7718,large,0.0116
test_proteomics.csv,Demo Proteomics Analysis,proteomics,Per2,Per2,Chek2,Chek2,1.000000,1.000000,FALSE,FALSE,,,
test_proteomics.csv,Demo Proteomics Analysis,proteomics,Arntl,Arntl,Chek2,Chek2,1.000000,1.000000,FALSE,FALSE,,,
test_proteomics.csv,Demo Proteomics Analysis,proteomics,Clock,Clock,Chek2,Chek2,1.000000,1.000000,FALSE,FALSE,,,
test_proteomics.csv,Demo Proteomics Analysis,proteomics,Per1,Per1,Chek2,Chek2,1.000000,1.000000,FALSE,FALSE,,,
test_proteomics.csv,Demo Proteomics Analysis,proteomics,Cry1,Cry1,Chek2,Chek2,1.000000,1.000000,FALSE,FALSE,,,
test_proteomics.csv,Demo Proteomics Analysis,proteomics,Cry2,Cry2,Chek2,Chek2,1.000000,1.000000,FALSE,FALSE,,,
test_proteomics.csv,Demo Proteomics Analysis,proteomics,Nr1d1,Nr1d1,Chek2,Chek2,1.000000,1.000000,FALSE,FALSE,,,
test_proteomics.csv,Demo Proteomics Analysis,proteomics,Nr1d2,Nr1d2,Chek2,Chek2,1.000000,1.000000,FALSE,FALSE,,,
test_proteomics.csv,Demo Proteomics Analysis,proteomics,Cry1,Cry1,Bcl2,Bcl2,0.072317,0.185132,FALSE,FALSE,2.2529,large,0.0062
test_proteomics.csv,Demo Proteomics Analysis,proteomics,Cry2,Cry2,Bcl2,Bcl2,0.085175,0.201896,FALSE,FALSE,2.2529,large,0.0062
test_proteomics.csv,Demo Proteomics Analysis,proteomics,Nr1d1,Nr1d1,Bcl2,Bcl2,0.136157,0.283826,FALSE,FALSE,2.2529,large,0.0062
test_proteomics.csv,Demo Proteomics Analysis,proteomics,Nr1d2,Nr1d2,Bcl2,Bcl2,0.078481,0.193185,FALSE,FALSE,2.2529,large,0.0062
test_proteomics.csv,Demo Proteomics Analysis,proteomics,Per2,Per2,Bax,Bax,1.000000,1.000000,FALSE,FALSE,,,
test_proteomics.csv,Demo Proteomics Analysis,proteomics,Arntl,Arntl,Bax,Bax,1.000000,1.000000,FALSE,FALSE,,,
test_proteomics.csv,Demo Proteomics Analysis,proteomics,Clock,Clock,Bax,Bax,1.000000,1.000000,FALSE,FALSE,,,
test_proteomics.csv,Demo Proteomics Analysis,proteomics,Per1,Per1,Bax,Bax,1.000000,1.000000,FALSE,FALSE,,,
test_proteomics.csv,Demo Proteomics Analysis,proteomics,Cry1,Cry1,Bax,Bax,1.000000,1.000000,FALSE,FALSE,,,
test_proteomics.csv,Demo Proteomics Analysis,proteomics,Cry2,Cry2,Bax,Bax,1.000000,1.000000,FALSE,FALSE,,,
test_proteomics.csv,Demo Proteomics Analysis,proteomics,Nr1d1,Nr1d1,Bax,Bax,1.000000,1.000000,FALSE,FALSE,,,
test_proteomics.csv,Demo Proteomics Analysis,proteomics,Nr1d2,Nr1d2,Bax,Bax,1.000000,1.000000,FALSE,FALSE,,,
test_proteomics.csv,Demo Proteomics Analysis,proteomics,Arntl,Arntl,Hif1a,Hif1a,0.000010,0.000083,TRUE,TRUE,18.4415,large,0.0081
test_proteomics.csv,Demo Proteomics Analysis,proteomics,Clock,Clock,Hif1a,Hif1a,0.000001,0.000023,TRUE,TRUE,18.4415,large,0.0081
test_proteomics.csv,Demo Proteomics Analysis,proteomics,Per1,Per1,Hif1a,Hif1a,0.000001,0.000023,TRUE,TRUE,18.4415,large,0.0081
test_proteomics.csv,Demo Proteomics Analysis,proteomics,Cry1,Cry1,Hif1a,Hif1a,0.000003,0.000026,TRUE,TRUE,18.4415,large,0.0081
test_proteomics.csv,Demo Proteomics Analysis,proteomics,Cry2,Cry2,Hif1a,Hif1a,0.000001,0.000023,TRUE,TRUE,18.4415,large,0.0081
test_proteomics.csv,Demo Proteomics Analysis,proteomics,Nr1d2,Nr1d2,Hif1a,Hif1a,0.000002,0.000023,TRUE,TRUE,18.4415,large,0.0081
test_proteomics.csv,Demo Proteomics Analysis,proteomics,Per2,Per2,Sirt1,Sirt1,0.581830,0.596936,FALSE,FALSE,1.1517,large,0.0038
test_proteomics.csv,Demo Proteomics Analysis,proteomics,Arntl,Arntl,Sirt1,Sirt1,0.706709,0.706709,FALSE,FALSE,1.1517,large,0.0038
test_proteomics.csv,Demo Proteomics Analysis,proteomics,Clock,Clock,Sirt1,Sirt1,0.531671,0.584288,FALSE,FALSE,1.1517,large,0.0038
test_proteomics.csv,Demo Proteomics Analysis,proteomics,Per2,Per2,Pparg,Pparg,1.000000,1.000000,FALSE,FALSE,,,
test_proteomics.csv,Demo Proteomics Analysis,proteomics,Arntl,Arntl,Pparg,Pparg,1.000000,1.000000,FALSE,FALSE,,,
test_proteomics.csv,Demo Proteomics Analysis,proteomics,Clock,Clock,Pparg,Pparg,1.000000,1.000000,FALSE,FALSE,,,
test_proteomics.csv,Demo Proteomics Analysis,proteomics,Per1,Per1,Pparg,Pparg,1.000000,1.000000,FALSE,FALSE,,,
test_proteomics.csv,Demo Proteomics Analysis,proteomics,Cry1,Cry1,Pparg,Pparg,1.000000,1.000000,FALSE,FALSE,,,
test_proteomics.csv,Demo Proteomics Analysis,proteomics,Cry2,Cry2,Pparg,Pparg,1.000000,1.000000,FALSE,FALSE,,,
test_proteomics.csv,Demo Proteomics Analysis,proteomics,Nr1d1,Nr1d1,Pparg,Pparg,1.000000,1.000000,FALSE,FALSE,,,
test_proteomics.csv,Demo Proteomics Analysis,proteomics,Nr1d2,Nr1d2,Pparg,Pparg,1.000000,1.000000,FALSE,FALSE,,,
test_proteomics.csv,Demo Proteomics Analysis,proteomics,Cry1,Cry1,Sirt1,Sirt1,0.524093,0.584288,FALSE,FALSE,1.1517,large,0.0038
test_proteomics.csv,Demo Proteomics Analysis,proteomics,Cry2,Cry2,Sirt1,Sirt1,0.524063,0.584288,FALSE,FALSE,1.1517,large,0.0038
test_proteomics.csv,Demo Proteomics Analysis,proteomics,Nr1d1,Nr1d1,Sirt1,Sirt1,0.550289,0.586975,FALSE,FALSE,1.1517,large,0.0038
test_proteomics.csv,Demo Proteomics Analysis,proteomics,Nr1d2,Nr1d2,Sirt1,Sirt1,0.523248,0.584288,FALSE,FALSE,1.1517,large,0.0038
test_proteomics.csv,Demo Proteomics Analysis,proteomics,Per2,Per2,Yap1,Yap1,0.569546,0.596936,FALSE,FALSE,1.1140,large,0.0022
test_proteomics.csv,Demo Proteomics Analysis,proteomics,Clock,Clock,Yap1,Yap1,0.503293,0.584288,FALSE,FALSE,1.1140,large,0.0022
test_proteomics.csv,Demo Proteomics Analysis,proteomics,Per1,Per1,Yap1,Yap1,0.537219,0.584288,FALSE,FALSE,1.1140,large,0.0022
test_proteomics.csv,Demo Proteomics Analysis,proteomics,Cry1,Cry1,Yap1,Yap1,0.418840,0.536115,FALSE,FALSE,1.1140,large,0.0022
test_proteomics.csv,Demo Proteomics Analysis,proteomics,Cry2,Cry2,Yap1,Yap1,0.451482,0.555671,FALSE,FALSE,1.1140,large,0.0022
test_proteomics.csv,Demo Proteomics Analysis,proteomics,Nr1d1,Nr1d1,Yap1,Yap1,0.587609,0.596936,FALSE,FALSE,1.1140,large,0.0022
test_proteomics.csv,Demo Proteomics Analysis,proteomics,Per2,Per2,Myc,Myc,0.338614,0.442271,FALSE,FALSE,2.2439,large,0.0225
test_proteomics.csv,Demo Proteomics Analysis,proteomics,Cry1,Cry1,Myc,Myc,0.161195,0.316608,FALSE,FALSE,2.2439,large,0.0225
test_proteomics.csv,Demo Proteomics Analysis,proteomics,Per2,Per2,Lgr5,Lgr5,0.000114,0.000665,TRUE,TRUE,5.8240,large,0.0212
test_proteomics.csv,Demo Proteomics Analysis,proteomics,Nr1d1,Nr1d1,Lgr5,Lgr5,0.000159,0.000785,TRUE,TRUE,5.8240,large,0.0212
test_proteomics.csv,Demo Proteomics Analysis,proteomics,Per2,Per2,Tead1,Tead1,1.000000,1.000000,FALSE,FALSE,,,
test_proteomics.csv,Demo Proteomics Analysis,proteomics,Arntl,Arntl,Tead1,Tead1,1.000000,1.000000,FALSE,FALSE,,,
test_proteomics.csv,Demo Proteomics Analysis,proteomics,Clock,Clock,Tead1,Tead1,1.000000,1.000000,FALSE,FALSE,,,
test_proteomics.csv,Demo Proteomics Analysis,proteomics,Per1,Per1,Tead1,Tead1,1.000000,1.000000,FALSE,FALSE,,,
test_proteomics.csv,Demo Proteomics Analysis,proteomics,Cry1,Cry1,Tead1,Tead1,1.000000,1.000000,FALSE,FALSE,,,
test_proteomics.csv,Demo Proteomics Analysis,proteomics,Cry2,Cry2,Tead1,Tead1,1.000000,1.000000,FALSE,FALSE,,,
test_proteomics.csv,Demo Proteomics Analysis,proteomics,Nr1d1,Nr1d1,Tead1,Tead1,1.000000,1.000000,FALSE,FALSE,,,
test_proteomics.csv,Demo Proteomics Analysis,proteomics,Nr1d2,Nr1d2,Tead1,Tead1,1.000000,1.000000,FALSE,FALSE,,,
test_proteomics.csv,Demo Proteomics Analysis,proteomics,Cry1,Cry1,Axin2,Axin2,0.000471,0.001673,TRUE,TRUE,5.3035,large,0.0108
test_proteomics.csv,Demo Proteomics Analysis,proteomics,Per2,Per2,Wee1,Wee1,0.245133,0.348634,FALSE,FALSE,0.6005,large,0.0130
test_proteomics.csv,Demo Proteomics Analysis,proteomics,Cry1,Cry1,Wee1,Wee1,0.207479,0.342014,FALSE,FALSE,0.6005,large,0.0130
test_proteomics.csv,Demo Proteomics Analysis,proteomics,Per2,Per2,Bcl2,Bcl2,0.137478,0.283826,FALSE,FALSE,2.2529,large,0.0062
test_proteomics.csv,Demo Proteomics Analysis,proteomics,Per1,Per1,Bcl2,Bcl2,0.117396,0.259080,FALSE,FALSE,2.2529,large,0.0062
test_proteomics.csv,Demo Proteomics Analysis,proteomics,Per2,Per2,Hif1a,Hif1a,0.000003,0.000026,TRUE,TRUE,18.4415,large,0.0081
test_proteomics.csv,Demo Proteomics Analysis,proteomics,Nr1d1,Nr1d1,Hif1a,Hif1a,0.000002,0.000023,TRUE,TRUE,18.4415,large,0.0081
test_proteomics.csv,Demo Proteomics Analysis,proteomics,Per1,Per1,Sirt1,Sirt1,0.538641,0.584288,FALSE,FALSE,1.1517,large,0.0038
test_proteomics.csv,Demo Proteomics Analysis,proteomics,Arntl,Arntl,Yap1,Yap1,0.314565,0.419420,FALSE,FALSE,1.1140,large,0.0022
test_proteomics.csv,Demo Proteomics Analysis,proteomics,Nr1d2,Nr1d2,Yap1,Yap1,0.434249,0.544939,FALSE,FALSE,1.1140,large,0.0022
test_proteomics.csv,Demo Proteomics Analysis,proteomics,Clock,Clock,Ccnd1,Ccnd1,1.000000,1.000000,FALSE,FALSE,0.0295,small,0.0002
test_proteomics.csv,Demo Proteomics Analysis,proteomics,Per2,Per2,Cdk1,Cdk1,1.000000,1.000000,FALSE,FALSE,0.0910,small,0.0007
test_proteomics.csv,Demo Proteomics Analysis,proteomics,Clock,Clock,Tp53,Tp53,1.000000,1.000000,FALSE,FALSE,0.6412,large,0.0084
test_proteomics.csv,Demo Proteomics Analysis,proteomics,Per2,Per2,Atm,Atm,1.000000,1.000000,FALSE,FALSE,0.7718,large,0.0116
mouse_liver_circadian_proteomics.csv,Proteomics Analysis 2025-12-18,protein,Clock,Clock,Cdkn1a,Cdkn1a,1.000000,1.000000,FALSE,FALSE,,,
mouse_liver_circadian_proteomics.csv,Proteomics Analysis 2025-12-18,protein,Cry1,Cry1,Cdkn1a,Cdkn1a,1.000000,1.000000,FALSE,FALSE,,,
mouse_liver_circadian_proteomics.csv,Proteomics Analysis 2025-12-18,protein,Cry2,Cry2,Cdkn1a,Cdkn1a,1.000000,1.000000,FALSE,FALSE,,,
mouse_liver_circadian_proteomics.csv,Proteomics Analysis 2025-12-18,protein,Nr1d1,Nr1d1,Cdkn1a,Cdkn1a,1.000000,1.000000,FALSE,FALSE,,,
mouse_liver_circadian_proteomics.csv,Proteomics Analysis 2025-12-18,protein,Nr1d2,Nr1d2,Cdkn1a,Cdkn1a,1.000000,1.000000,FALSE,FALSE,,,
mouse_liver_circadian_proteomics.csv,Proteomics Analysis 2025-12-18,protein,Per2,Per2,Ccnb1,Ccnb1,1.000000,1.000000,FALSE,FALSE,,,
mouse_liver_circadian_proteomics.csv,Proteomics Analysis 2025-12-18,protein,Arntl,Arntl,Ccnb1,Ccnb1,1.000000,1.000000,FALSE,FALSE,,,
mouse_liver_circadian_proteomics.csv,Proteomics Analysis 2025-12-18,protein,Clock,Clock,Ccnb1,Ccnb1,1.000000,1.000000,FALSE,FALSE,,,
mouse_liver_circadian_proteomics.csv,Proteomics Analysis 2025-12-18,protein,Per1,Per1,Ccnb1,Ccnb1,1.000000,1.000000,FALSE,FALSE,,,
mouse_liver_circadian_proteomics.csv,Proteomics Analysis 2025-12-18,protein,Cry1,Cry1,Ccnb1,Ccnb1,1.000000,1.000000,FALSE,FALSE,,,
mouse_liver_circadian_proteomics.csv,Proteomics Analysis 2025-12-18,protein,Cry2,Cry2,Ccnb1,Ccnb1,1.000000,1.000000,FALSE,FALSE,,,
mouse_liver_circadian_proteomics.csv,Proteomics Analysis 2025-12-18,protein,Nr1d1,Nr1d1,Ccnb1,Ccnb1,1.000000,1.000000,FALSE,FALSE,,,
mouse_liver_circadian_proteomics.csv,Proteomics Analysis 2025-12-18,protein,Nr1d2,Nr1d2,Ccnb1,Ccnb1,1.000000,1.000000,FALSE,FALSE,,,
mouse_liver_circadian_proteomics.csv,Proteomics Analysis 2025-12-18,protein,Per2,Per2,Cdk1,Cdk1,1.000000,1.000000,FALSE,FALSE,,,
mouse_liver_circadian_proteomics.csv,Proteomics Analysis 2025-12-18,protein,Arntl,Arntl,Cdk1,Cdk1,1.000000,1.000000,FALSE,FALSE,,,
mouse_liver_circadian_proteomics.csv,Proteomics Analysis 2025-12-18,protein,Clock,Clock,Cdk1,Cdk1,1.000000,1.000000,FALSE,FALSE,,,
mouse_liver_circadian_proteomics.csv,Proteomics Analysis 2025-12-18,protein,Per1,Per1,Cdk1,Cdk1,1.000000,1.000000,FALSE,FALSE,,,
mouse_liver_circadian_proteomics.csv,Proteomics Analysis 2025-12-18,protein,Cry1,Cry1,Cdk1,Cdk1,1.000000,1.000000,FALSE,FALSE,,,
mouse_liver_circadian_proteomics.csv,Proteomics Analysis 2025-12-18,protein,Cry2,Cry2,Cdk1,Cdk1,1.000000,1.000000,FALSE,FALSE,,,
mouse_liver_circadian_proteomics.csv,Proteomics Analysis 2025-12-18,protein,Nr1d1,Nr1d1,Cdk1,Cdk1,1.000000,1.000000,FALSE,FALSE,,,
mouse_liver_circadian_proteomics.csv,Proteomics Analysis 2025-12-18,protein,Nr1d2,Nr1d2,Cdk1,Cdk1,1.000000,1.000000,FALSE,FALSE,,,
mouse_liver_circadian_proteomics.csv,Proteomics Analysis 2025-12-18,protein,Per2,Per2,Wee1,Wee1,1.000000,1.000000,FALSE,FALSE,,,
mouse_liver_circadian_proteomics.csv,Proteomics Analysis 2025-12-18,protein,Arntl,Arntl,Atm,Atm,1.000000,1.000000,FALSE,FALSE,,,
mouse_liver_circadian_proteomics.csv,Proteomics Analysis 2025-12-18,protein,Clock,Clock,Atm,Atm,1.000000,1.000000,FALSE,FALSE,,,
mouse_liver_circadian_proteomics.csv,Proteomics Analysis 2025-12-18,protein,Cry1,Cry1,Atm,Atm,1.000000,1.000000,FALSE,FALSE,,,
mouse_liver_circadian_proteomics.csv,Proteomics Analysis 2025-12-18,protein,Cry2,Cry2,Atm,Atm,1.000000,1.000000,FALSE,FALSE,,,
mouse_liver_circadian_proteomics.csv,Proteomics Analysis 2025-12-18,protein,Nr1d1,Nr1d1,Atm,Atm,1.000000,1.000000,FALSE,FALSE,,,
mouse_liver_circadian_proteomics.csv,Proteomics Analysis 2025-12-18,protein,Nr1d2,Nr1d2,Atm,Atm,1.000000,1.000000,FALSE,FALSE,,,
mouse_liver_circadian_proteomics.csv,Proteomics Analysis 2025-12-18,protein,Per2,Per2,Chek2,Chek2,1.000000,1.000000,FALSE,FALSE,,,
mouse_liver_circadian_proteomics.csv,Proteomics Analysis 2025-12-18,protein,Arntl,Arntl,Chek2,Chek2,1.000000,1.000000,FALSE,FALSE,,,
mouse_liver_circadian_proteomics.csv,Proteomics Analysis 2025-12-18,protein,Per1,Per1,Chek2,Chek2,1.000000,1.000000,FALSE,FALSE,,,
mouse_liver_circadian_proteomics.csv,Proteomics Analysis 2025-12-18,protein,Cry2,Cry2,Chek2,Chek2,1.000000,1.000000,FALSE,FALSE,,,
mouse_liver_circadian_proteomics.csv,Proteomics Analysis 2025-12-18,protein,Nr1d1,Nr1d1,Chek2,Chek2,1.000000,1.000000,FALSE,FALSE,,,
mouse_liver_circadian_proteomics.csv,Proteomics Analysis 2025-12-18,protein,Nr1d2,Nr1d2,Chek2,Chek2,1.000000,1.000000,FALSE,FALSE,,,
mouse_liver_circadian_proteomics.csv,Proteomics Analysis 2025-12-18,protein,Per2,Per2,Bcl2,Bcl2,1.000000,1.000000,FALSE,FALSE,,,
mouse_liver_circadian_proteomics.csv,Proteomics Analysis 2025-12-18,protein,Arntl,Arntl,Bcl2,Bcl2,1.000000,1.000000,FALSE,FALSE,,,
mouse_liver_circadian_proteomics.csv,Proteomics Analysis 2025-12-18,protein,Clock,Clock,Bcl2,Bcl2,1.000000,1.000000,FALSE,FALSE,,,
mouse_liver_circadian_proteomics.csv,Proteomics Analysis 2025-12-18,protein,Per1,Per1,Bcl2,Bcl2,1.000000,1.000000,FALSE,FALSE,,,
mouse_liver_circadian_proteomics.csv,Proteomics Analysis 2025-12-18,protein,Cry1,Cry1,Bcl2,Bcl2,1.000000,1.000000,FALSE,FALSE,,,
mouse_liver_circadian_proteomics.csv,Proteomics Analysis 2025-12-18,protein,Cry2,Cry2,Bcl2,Bcl2,1.000000,1.000000,FALSE,FALSE,,,
mouse_liver_circadian_proteomics.csv,Proteomics Analysis 2025-12-18,protein,Nr1d1,Nr1d1,Bcl2,Bcl2,1.000000,1.000000,FALSE,FALSE,,,
mouse_liver_circadian_proteomics.csv,Proteomics Analysis 2025-12-18,protein,Nr1d2,Nr1d2,Bcl2,Bcl2,1.000000,1.000000,FALSE,FALSE,,,
mouse_liver_circadian_proteomics.csv,Proteomics Analysis 2025-12-18,protein,Per2,Per2,Bax,Bax,1.000000,1.000000,FALSE,FALSE,,,
mouse_liver_circadian_proteomics.csv,Proteomics Analysis 2025-12-18,protein,Per2,Per2,Pparg,Pparg,1.000000,1.000000,FALSE,FALSE,,,
mouse_liver_circadian_proteomics.csv,Proteomics Analysis 2025-12-18,protein,Arntl,Arntl,Pparg,Pparg,1.000000,1.000000,FALSE,FALSE,,,
mouse_liver_circadian_proteomics.csv,Proteomics Analysis 2025-12-18,protein,Clock,Clock,Pparg,Pparg,1.000000,1.000000,FALSE,FALSE,,,
mouse_liver_circadian_proteomics.csv,Proteomics Analysis 2025-12-18,protein,Per1,Per1,Pparg,Pparg,1.000000,1.000000,FALSE,FALSE,,,
mouse_liver_circadian_proteomics.csv,Proteomics Analysis 2025-12-18,protein,Cry1,Cry1,Pparg,Pparg,1.000000,1.000000,FALSE,FALSE,,,
mouse_liver_circadian_proteomics.csv,Proteomics Analysis 2025-12-18,protein,Cry2,Cry2,Pparg,Pparg,1.000000,1.000000,FALSE,FALSE,,,
mouse_liver_circadian_proteomics.csv,Proteomics Analysis 2025-12-18,protein,Nr1d1,Nr1d1,Pparg,Pparg,1.000000,1.000000,FALSE,FALSE,,,
mouse_liver_circadian_proteomics.csv,Proteomics Analysis 2025-12-18,protein,Nr1d2,Nr1d2,Pparg,Pparg,1.000000,1.000000,FALSE,FALSE,,,
mouse_liver_circadian_proteomics.csv,Proteomics Analysis 2025-12-18,protein,Per2,Per2,Sirt1,Sirt1,1.000000,1.000000,FALSE,FALSE,,,
mouse_liver_circadian_proteomics.csv,Proteomics Analysis 2025-12-18,protein,Arntl,Arntl,Sirt1,Sirt1,1.000000,1.000000,FALSE,FALSE,,,
mouse_liver_circadian_proteomics.csv,Proteomics Analysis 2025-12-18,protein,Clock,Clock,Sirt1,Sirt1,1.000000,1.000000,FALSE,FALSE,,,
mouse_liver_circadian_proteomics.csv,Proteomics Analysis 2025-12-18,protein,Per1,Per1,Sirt1,Sirt1,1.000000,1.000000,FALSE,FALSE,,,
mouse_liver_circadian_proteomics.csv,Proteomics Analysis 2025-12-18,protein,Cry1,Cry1,Sirt1,Sirt1,1.000000,1.000000,FALSE,FALSE,,,
mouse_liver_circadian_proteomics.csv,Proteomics Analysis 2025-12-18,protein,Cry2,Cry2,Sirt1,Sirt1,1.000000,1.000000,FALSE,FALSE,,,
mouse_liver_circadian_proteomics.csv,Proteomics Analysis 2025-12-18,protein,Nr1d1,Nr1d1,Sirt1,Sirt1,1.000000,1.000000,FALSE,FALSE,,,
mouse_liver_circadian_proteomics.csv,Proteomics Analysis 2025-12-18,protein,Nr1d2,Nr1d2,Sirt1,Sirt1,1.000000,1.000000,FALSE,FALSE,,,
mouse_liver_circadian_proteomics.csv,Proteomics Analysis 2025-12-18,protein,Per2,Per2,Yap1,Yap1,1.000000,1.000000,FALSE,FALSE,,,
mouse_liver_circadian_proteomics.csv,Proteomics Analysis 2025-12-18,protein,Arntl,Arntl,Myc,Myc,1.000000,1.000000,FALSE,FALSE,,,
mouse_liver_circadian_proteomics.csv,Proteomics Analysis 2025-12-18,protein,Per1,Per1,Myc,Myc,1.000000,1.000000,FALSE,FALSE,,,
mouse_liver_circadian_proteomics.csv,Proteomics Analysis 2025-12-18,protein,Cry1,Cry1,Myc,Myc,1.000000,1.000000,FALSE,FALSE,,,
mouse_liver_circadian_proteomics.csv,Proteomics Analysis 2025-12-18,protein,Cry2,Cry2,Myc,Myc,1.000000,1.000000,FALSE,FALSE,,,
mouse_liver_circadian_proteomics.csv,Proteomics Analysis 2025-12-18,protein,Nr1d1,Nr1d1,Myc,Myc,1.000000,1.000000,FALSE,FALSE,,,
mouse_liver_circadian_proteomics.csv,Proteomics Analysis 2025-12-18,protein,Per2,Per2,Ccnd1,Ccnd1,1.000000,1.000000,FALSE,FALSE,,,
mouse_liver_circadian_proteomics.csv,Proteomics Analysis 2025-12-18,protein,Arntl,Arntl,Ccnd1,Ccnd1,1.000000,1.000000,FALSE,FALSE,,,
mouse_liver_circadian_proteomics.csv,Proteomics Analysis 2025-12-18,protein,Clock,Clock,Ccnd1,Ccnd1,1.000000,1.000000,FALSE,FALSE,,,
mouse_liver_circadian_proteomics.csv,Proteomics Analysis 2025-12-18,protein,Per1,Per1,Ccnd1,Ccnd1,1.000000,1.000000,FALSE,FALSE,,,
mouse_liver_circadian_proteomics.csv,Proteomics Analysis 2025-12-18,protein,Cry1,Cry1,Ccnd1,Ccnd1,1.000000,1.000000,FALSE,FALSE,,,
mouse_liver_circadian_proteomics.csv,Proteomics Analysis 2025-12-18,protein,Cry2,Cry2,Ccnd1,Ccnd1,1.000000,1.000000,FALSE,FALSE,,,
mouse_liver_circadian_proteomics.csv,Proteomics Analysis 2025-12-18,protein,Nr1d1,Nr1d1,Ccnd1,Ccnd1,1.000000,1.000000,FALSE,FALSE,,,
mouse_liver_circadian_proteomics.csv,Proteomics Analysis 2025-12-18,protein,Nr1d2,Nr1d2,Ccnd1,Ccnd1,1.000000,1.000000,FALSE,FALSE,,,
mouse_liver_circadian_proteomics.csv,Proteomics Analysis 2025-12-18,protein,Per2,Per2,Lgr5,Lgr5,1.000000,1.000000,FALSE,FALSE,,,
mouse_liver_circadian_proteomics.csv,Proteomics Analysis 2025-12-18,protein,Arntl,Arntl,Lgr5,Lgr5,1.000000,1.000000,FALSE,FALSE,,,
mouse_liver_circadian_proteomics.csv,Proteomics Analysis 2025-12-18,protein,Clock,Clock,Lgr5,Lgr5,1.000000,1.000000,FALSE,FALSE,,,
mouse_liver_circadian_proteomics.csv,Proteomics Analysis 2025-12-18,protein,Per1,Per1,Lgr5,Lgr5,1.000000,1.000000,FALSE,FALSE,,,
mouse_liver_circadian_proteomics.csv,Proteomics Analysis 2025-12-18,protein,Cry1,Cry1,Lgr5,Lgr5,1.000000,1.000000,FALSE,FALSE,,,
mouse_liver_circadian_proteomics.csv,Proteomics Analysis 2025-12-18,protein,Nr1d1,Nr1d1,Lgr5,Lgr5,1.000000,1.000000,FALSE,FALSE,,,
mouse_liver_circadian_proteomics.csv,Proteomics Analysis 2025-12-18,protein,Nr1d2,Nr1d2,Lgr5,Lgr5,1.000000,1.000000,FALSE,FALSE,,,
mouse_liver_circadian_proteomics.csv,Proteomics Analysis 2025-12-18,protein,Per2,Per2,Axin2,Axin2,1.000000,1.000000,FALSE,FALSE,,,
mouse_liver_circadian_proteomics.csv,Proteomics Analysis 2025-12-18,protein,Arntl,Arntl,Axin2,Axin2,1.000000,1.000000,FALSE,FALSE,,,
mouse_liver_circadian_proteomics.csv,Proteomics Analysis 2025-12-18,protein,Clock,Clock,Axin2,Axin2,1.000000,1.000000,FALSE,FALSE,,,
mouse_liver_circadian_proteomics.csv,Proteomics Analysis 2025-12-18,protein,Per1,Per1,Axin2,Axin2,1.000000,1.000000,FALSE,FALSE,,,
mouse_liver_circadian_proteomics.csv,Proteomics Analysis 2025-12-18,protein,Cry1,Cry1,Axin2,Axin2,1.000000,1.000000,FALSE,FALSE,,,
mouse_liver_circadian_proteomics.csv,Proteomics Analysis 2025-12-18,protein,Cry2,Cry2,Axin2,Axin2,1.000000,1.000000,FALSE,FALSE,,,
mouse_liver_circadian_proteomics.csv,Proteomics Analysis 2025-12-18,protein,Nr1d1,Nr1d1,Axin2,Axin2,1.000000,1.000000,FALSE,FALSE,,,
mouse_liver_circadian_proteomics.csv,Proteomics Analysis 2025-12-18,protein,Nr1d2,Nr1d2,Axin2,Axin2,1.000000,1.000000,FALSE,FALSE,,,
mouse_liver_circadian_proteomics.csv,Proteomics Analysis 2025-12-18,protein,Per2,Per2,Cdkn1a,Cdkn1a,1.000000,1.000000,FALSE,FALSE,,,
mouse_liver_circadian_proteomics.csv,Proteomics Analysis 2025-12-18,protein,Nr1d1,Nr1d1,Wee1,Wee1,0.593098,0.678231,FALSE,FALSE,0.4541,large,0.2409
mouse_liver_circadian_proteomics.csv,Proteomics Analysis 2025-12-18,protein,Nr1d2,Nr1d2,Wee1,Wee1,0.591710,0.678231,FALSE,FALSE,0.4541,large,0.2409
mouse_liver_circadian_proteomics.csv,Proteomics Analysis 2025-12-18,protein,Per1,Per1,Wee1,Wee1,1.000000,1.000000,FALSE,FALSE,,,
mouse_liver_circadian_proteomics.csv,Proteomics Analysis 2025-12-18,protein,Cry1,Cry1,Wee1,Wee1,1.000000,1.000000,FALSE,FALSE,,,
mouse_liver_circadian_proteomics.csv,Proteomics Analysis 2025-12-18,protein,Cry2,Cry2,Wee1,Wee1,1.000000,1.000000,FALSE,FALSE,,,
mouse_liver_circadian_proteomics.csv,Proteomics Analysis 2025-12-18,protein,Per2,Per2,Tp53,Tp53,1.000000,1.000000,FALSE,FALSE,,,
mouse_liver_circadian_proteomics.csv,Proteomics Analysis 2025-12-18,protein,Arntl,Arntl,Tp53,Tp53,1.000000,1.000000,FALSE,FALSE,,,
mouse_liver_circadian_proteomics.csv,Proteomics Analysis 2025-12-18,protein,Clock,Clock,Tp53,Tp53,1.000000,1.000000,FALSE,FALSE,,,
mouse_liver_circadian_proteomics.csv,Proteomics Analysis 2025-12-18,protein,Per1,Per1,Tp53,Tp53,1.000000,1.000000,FALSE,FALSE,,,
mouse_liver_circadian_proteomics.csv,Proteomics Analysis 2025-12-18,protein,Cry1,Cry1,Tp53,Tp53,1.000000,1.000000,FALSE,FALSE,,,
mouse_liver_circadian_proteomics.csv,Proteomics Analysis 2025-12-18,protein,Cry2,Cry2,Tp53,Tp53,1.000000,1.000000,FALSE,FALSE,,,
mouse_liver_circadian_proteomics.csv,Proteomics Analysis 2025-12-18,protein,Nr1d1,Nr1d1,Tp53,Tp53,1.000000,1.000000,FALSE,FALSE,,,
mouse_liver_circadian_proteomics.csv,Proteomics Analysis 2025-12-18,protein,Nr1d2,Nr1d2,Tp53,Tp53,1.000000,1.000000,FALSE,FALSE,,,
mouse_liver_circadian_proteomics.csv,Proteomics Analysis 2025-12-18,protein,Per2,Per2,Mdm2,Mdm2,1.000000,1.000000,FALSE,FALSE,,,
mouse_liver_circadian_proteomics.csv,Proteomics Analysis 2025-12-18,protein,Arntl,Arntl,Mdm2,Mdm2,1.000000,1.000000,FALSE,FALSE,,,
mouse_liver_circadian_proteomics.csv,Proteomics Analysis 2025-12-18,protein,Clock,Clock,Mdm2,Mdm2,1.000000,1.000000,FALSE,FALSE,,,
mouse_liver_circadian_proteomics.csv,Proteomics Analysis 2025-12-18,protein,Per1,Per1,Mdm2,Mdm2,1.000000,1.000000,FALSE,FALSE,,,
mouse_liver_circadian_proteomics.csv,Proteomics Analysis 2025-12-18,protein,Cry1,Cry1,Mdm2,Mdm2,1.000000,1.000000,FALSE,FALSE,,,
mouse_liver_circadian_proteomics.csv,Proteomics Analysis 2025-12-18,protein,Cry2,Cry2,Mdm2,Mdm2,1.000000,1.000000,FALSE,FALSE,,,
mouse_liver_circadian_proteomics.csv,Proteomics Analysis 2025-12-18,protein,Nr1d1,Nr1d1,Mdm2,Mdm2,1.000000,1.000000,FALSE,FALSE,,,
mouse_liver_circadian_proteomics.csv,Proteomics Analysis 2025-12-18,protein,Clock,Clock,Bax,Bax,0.062555,0.129407,FALSE,FALSE,5.4339,large,0.7926
mouse_liver_circadian_proteomics.csv,Proteomics Analysis 2025-12-18,protein,Nr1d2,Nr1d2,Bax,Bax,0.051048,0.129407,FALSE,FALSE,5.4339,large,0.7926
mouse_liver_circadian_proteomics.csv,Proteomics Analysis 2025-12-18,protein,Per1,Per1,Bax,Bax,1.000000,1.000000,FALSE,FALSE,,,
mouse_liver_circadian_proteomics.csv,Proteomics Analysis 2025-12-18,protein,Cry1,Cry1,Bax,Bax,1.000000,1.000000,FALSE,FALSE,,,
mouse_liver_circadian_proteomics.csv,Proteomics Analysis 2025-12-18,protein,Cry2,Cry2,Bax,Bax,1.000000,1.000000,FALSE,FALSE,,,
mouse_liver_circadian_proteomics.csv,Proteomics Analysis 2025-12-18,protein,Per2,Per2,Birc5,Birc5,1.000000,1.000000,FALSE,FALSE,,,
mouse_liver_circadian_proteomics.csv,Proteomics Analysis 2025-12-18,protein,Arntl,Arntl,Birc5,Birc5,1.000000,1.000000,FALSE,FALSE,,,
mouse_liver_circadian_proteomics.csv,Proteomics Analysis 2025-12-18,protein,Clock,Clock,Birc5,Birc5,1.000000,1.000000,FALSE,FALSE,,,
mouse_liver_circadian_proteomics.csv,Proteomics Analysis 2025-12-18,protein,Per1,Per1,Birc5,Birc5,1.000000,1.000000,FALSE,FALSE,,,
mouse_liver_circadian_proteomics.csv,Proteomics Analysis 2025-12-18,protein,Cry1,Cry1,Birc5,Birc5,1.000000,1.000000,FALSE,FALSE,,,
mouse_liver_circadian_proteomics.csv,Proteomics Analysis 2025-12-18,protein,Cry2,Cry2,Birc5,Birc5,1.000000,1.000000,FALSE,FALSE,,,
mouse_liver_circadian_proteomics.csv,Proteomics Analysis 2025-12-18,protein,Nr1d1,Nr1d1,Birc5,Birc5,1.000000,1.000000,FALSE,FALSE,,,
mouse_liver_circadian_proteomics.csv,Proteomics Analysis 2025-12-18,protein,Nr1d2,Nr1d2,Birc5,Birc5,1.000000,1.000000,FALSE,FALSE,,,
mouse_liver_circadian_proteomics.csv,Proteomics Analysis 2025-12-18,protein,Per2,Per2,Hif1a,Hif1a,1.000000,1.000000,FALSE,FALSE,,,
mouse_liver_circadian_proteomics.csv,Proteomics Analysis 2025-12-18,protein,Arntl,Arntl,Hif1a,Hif1a,1.000000,1.000000,FALSE,FALSE,,,
mouse_liver_circadian_proteomics.csv,Proteomics Analysis 2025-12-18,protein,Clock,Clock,Hif1a,Hif1a,1.000000,1.000000,FALSE,FALSE,,,
mouse_liver_circadian_proteomics.csv,Proteomics Analysis 2025-12-18,protein,Per1,Per1,Hif1a,Hif1a,1.000000,1.000000,FALSE,FALSE,,,
mouse_liver_circadian_proteomics.csv,Proteomics Analysis 2025-12-18,protein,Cry1,Cry1,Hif1a,Hif1a,1.000000,1.000000,FALSE,FALSE,,,
mouse_liver_circadian_proteomics.csv,Proteomics Analysis 2025-12-18,protein,Cry2,Cry2,Hif1a,Hif1a,1.000000,1.000000,FALSE,FALSE,,,
mouse_liver_circadian_proteomics.csv,Proteomics Analysis 2025-12-18,protein,Clock,Clock,Yap1,Yap1,1.000000,1.000000,FALSE,FALSE,0.3374,medium,0.2268
mouse_liver_circadian_proteomics.csv,Proteomics Analysis 2025-12-18,protein,Per1,Per1,Yap1,Yap1,1.000000,1.000000,FALSE,FALSE,,,
mouse_liver_circadian_proteomics.csv,Proteomics Analysis 2025-12-18,protein,Cry1,Cry1,Yap1,Yap1,1.000000,1.000000,FALSE,FALSE,,,
mouse_liver_circadian_proteomics.csv,Proteomics Analysis 2025-12-18,protein,Cry2,Cry2,Yap1,Yap1,1.000000,1.000000,FALSE,FALSE,,,
mouse_liver_circadian_proteomics.csv,Proteomics Analysis 2025-12-18,protein,Nr1d1,Nr1d1,Yap1,Yap1,1.000000,1.000000,FALSE,FALSE,0.3374,medium,0.2268
mouse_liver_circadian_proteomics.csv,Proteomics Analysis 2025-12-18,protein,Per2,Per2,Tead1,Tead1,1.000000,1.000000,FALSE,FALSE,,,
mouse_liver_circadian_proteomics.csv,Proteomics Analysis 2025-12-18,protein,Arntl,Arntl,Tead1,Tead1,1.000000,1.000000,FALSE,FALSE,,,
mouse_liver_circadian_proteomics.csv,Proteomics Analysis 2025-12-18,protein,Clock,Clock,Tead1,Tead1,1.000000,1.000000,FALSE,FALSE,,,
mouse_liver_circadian_proteomics.csv,Proteomics Analysis 2025-12-18,protein,Per1,Per1,Tead1,Tead1,1.000000,1.000000,FALSE,FALSE,,,
mouse_liver_circadian_proteomics.csv,Proteomics Analysis 2025-12-18,protein,Cry1,Cry1,Tead1,Tead1,1.000000,1.000000,FALSE,FALSE,,,
mouse_liver_circadian_proteomics.csv,Proteomics Analysis 2025-12-18,protein,Cry2,Cry2,Tead1,Tead1,1.000000,1.000000,FALSE,FALSE,,,
mouse_liver_circadian_proteomics.csv,Proteomics Analysis 2025-12-18,protein,Nr1d1,Nr1d1,Tead1,Tead1,1.000000,1.000000,FALSE,FALSE,,,
mouse_liver_circadian_proteomics.csv,Proteomics Analysis 2025-12-18,protein,Nr1d2,Nr1d2,Tead1,Tead1,1.000000,1.000000,FALSE,FALSE,,,
mouse_liver_circadian_proteomics.csv,Proteomics Analysis 2025-12-18,protein,Arntl,Arntl,Wee1,Wee1,0.678231,0.678231,FALSE,FALSE,0.4541,large,0.2409
mouse_liver_circadian_proteomics.csv,Proteomics Analysis 2025-12-18,protein,Clock,Clock,Wee1,Wee1,0.659573,0.678231,FALSE,FALSE,0.4541,large,0.2409
mouse_liver_circadian_proteomics.csv,Proteomics Analysis 2025-12-18,protein,Arntl,Arntl,Bax,Bax,0.064703,0.129407,FALSE,FALSE,5.4339,large,0.7926
mouse_liver_circadian_proteomics.csv,Proteomics Analysis 2025-12-18,protein,Nr1d1,Nr1d1,Bax,Bax,0.050007,0.129407,FALSE,FALSE,5.4339,large,0.7926
mouse_liver_circadian_proteomics.csv,Proteomics Analysis 2025-12-18,protein,Arntl,Arntl,Cdkn1a,Cdkn1a,1.000000,1.000000,FALSE,FALSE,,,
mouse_liver_circadian_proteomics.csv,Proteomics Analysis 2025-12-18,protein,Per1,Per1,Cdkn1a,Cdkn1a,1.000000,1.000000,FALSE,FALSE,,,
mouse_liver_circadian_proteomics.csv,Proteomics Analysis 2025-12-18,protein,Nr1d2,Nr1d2,Mdm2,Mdm2,1.000000,1.000000,FALSE,FALSE,,,
mouse_liver_circadian_proteomics.csv,Proteomics Analysis 2025-12-18,protein,Per2,Per2,Atm,Atm,1.000000,1.000000,FALSE,FALSE,,,
mouse_liver_circadian_proteomics.csv,Proteomics Analysis 2025-12-18,protein,Per1,Per1,Atm,Atm,1.000000,1.000000,FALSE,FALSE,,,
mouse_liver_circadian_proteomics.csv,Proteomics Analysis 2025-12-18,protein,Clock,Clock,Chek2,Chek2,1.000000,1.000000,FALSE,FALSE,,,
mouse_liver_circadian_proteomics.csv,Proteomics Analysis 2025-12-18,protein,Cry1,Cry1,Chek2,Chek2,1.000000,1.000000,FALSE,FALSE,,,
mouse_liver_circadian_proteomics.csv,Proteomics Analysis 2025-12-18,protein,Nr1d1,Nr1d1,Hif1a,Hif1a,1.000000,1.000000,FALSE,FALSE,,,
mouse_liver_circadian_proteomics.csv,Proteomics Analysis 2025-12-18,protein,Nr1d2,Nr1d2,Hif1a,Hif1a,1.000000,1.000000,FALSE,FALSE,,,
mouse_liver_circadian_proteomics.csv,Proteomics Analysis 2025-12-18,protein,Per2,Per2,Myc,Myc,1.000000,1.000000,FALSE,FALSE,,,
mouse_liver_circadian_proteomics.csv,Proteomics Analysis 2025-12-18,protein,Clock,Clock,Myc,Myc,1.000000,1.000000,FALSE,FALSE,,,
mouse_liver_circadian_proteomics.csv,Proteomics Analysis 2025-12-18,protein,Nr1d2,Nr1d2,Myc,Myc,1.000000,1.000000,FALSE,FALSE,,,
mouse_liver_circadian_proteomics.csv,Proteomics Analysis 2025-12-18,protein,Cry2,Cry2,Lgr5,Lgr5,1.000000,1.000000,FALSE,FALSE,,,
mouse_liver_circadian_proteomics.csv,Proteomics Analysis 2025-12-18,protein,Arntl,Arntl,Yap1,Yap1,1.000000,1.000000,FALSE,FALSE,0.3374,medium,0.2268
mouse_liver_circadian_proteomics.csv,Proteomics Analysis 2025-12-18,protein,Nr1d2,Nr1d2,Yap1,Yap1,1.000000,1.000000,FALSE,FALSE,0.3374,medium,0.2268